RegistroANS;Trimestre;Ano;ValorDespesas
325465;Q2;2025;17130834.56
379280;Q1;2025;50080008.11
328294;Q3;2025;77193648.87
331104;Q2;2025;1400434.54
319180;Q3;2025;42979858.61
323268;Q3;2025;286915922.52
300730;Q3;2025;2633813.12
324159;Q1;2025;16410418
342807;Q1;2025;38513434.5
304344;Q2;2025;44313719.46
410624;Q3;2025;7185229.14
424048;Q3;2025;4489517.21
349712;Q2;2025;164057710.16
406805;Q2;2025;10833601.19
334154;Q3;2025;63428134.28
422681;Q3;2025;58963369.22
302147;Q3;2025;4430731709.41
409634;Q3;2025;6639891.78
415081;Q1;2025;601730.21
419079;Q1;2025;14426.14
318299;Q1;2025;57502692.66
306762;Q1;2025;41616243.03
421731;Q3;2025;61167461.29
418129;Q1;2025;1425485.53
417131;Q2;2025;1155083.28
301949;Q2;2025;344095054.38
350346;Q1;2025;5481426.31
315729;Q3;2025;478871009.48
378216;Q2;2025;30097355.72
316997;Q1;2025;1532924.66
382639;Q1;2025;456873.43
319121;Q1;2025;132203582.69
301574;Q3;2025;180542958.56
314251;Q1;2025;17771323.75
330809;Q3;2025;71684442.83
361011;Q1;2025;145107614.28
422304;Q3;2025;5068751.25
304123;Q2;2025;25249570.81
316458;Q3;2025;20991720.15
325031;Q1;2025;19511623.74
418919;Q3;2025;37545480.27
407534;Q2;2025;1223637.54
407224;Q3;2025;3867936.43
417491;Q1;2025;821312.65
311375;Q2;2025;102361428.76
413721;Q2;2025;15386735.25
335614;Q3;2025;1213177893.18
409413;Q3;2025;10347010.62
322571;Q1;2025;28454734.58
358053;Q1;2025;13069639.11
344800;Q1;2025;76860965.34
422835;Q2;2025;7638837.46
367397;Q3;2025;242362198.57
333808;Q1;2025;14199446.3
419281;Q3;2025;1253390.84
346209;Q2;2025;58813712.55
422479;Q1;2025;20145.68
313475;Q3;2025;10732633.78
421154;Q2;2025;22148368.96
422631;Q3;2025;33191605.67
314587;Q1;2025;10402720.36
414573;Q1;2025;18484477.18
324361;Q3;2025;189679416.3
323942;Q2;2025;19083372.52
347736;Q3;2025;27744924.06
311146;Q3;2025;47025844.27
335479;Q2;2025;202880823.22
420271;Q3;2025;13415598.62
419591;Q2;2025;2672342.51
336858;Q2;2025;45085886.25
369659;Q2;2025;254957127.42
385255;Q1;2025;37360059.48
322326;Q2;2025;5236122.23
417548;Q2;2025;86880823.2
364592;Q1;2025;14621056.39
418170;Q1;2025;91948117.85
323357;Q2;2025;33196526.71
421006;Q1;2025;16124343.55
354279;Q1;2025;20298131.02
318566;Q3;2025;107467350.44
347825;Q2;2025;5200972.67
393321;Q2;2025;43905275.41
353027;Q1;2025;16469547.46
422941;Q2;2025;2840
309222;Q1;2025;502737234.24
309524;Q1;2025;7272764.04
411582;Q2;2025;28266018.84
350494;Q2;2025;41954394.23
408263;Q2;2025;5071724.85
351407;Q3;2025;92030028.16
406813;Q1;2025;929200.72
314668;Q1;2025;45234832.87
352519;Q1;2025;4075805.09
343153;Q3;2025;9013214.17
337374;Q1;2025;63187066.26
334243;Q2;2025;3482190.35
306754;Q2;2025;21864090.64
318213;Q2;2025;20612125.09
343684;Q2;2025;26844963.25
422720;Q2;2025;133992296.94
346276;Q3;2025;216698386.76
312720;Q2;2025;315536094.14
345709;Q1;2025;29741042.65
305227;Q1;2025;22751546.13
355151;Q1;2025;82005527.72
327352;Q2;2025;13753417.87
418617;Q3;2025;31718909.87
363855;Q2;2025;45247506.51
344184;Q1;2025;886413.49
418994;Q3;2025;478543.31
314366;Q1;2025;806568.16
301728;Q2;2025;28734422.17
307319;Q3;2025;208621206.54
362832;Q1;2025;7639796.37
358339;Q1;2025;1541897.63
342203;Q3;2025;14226198.53
423351;Q1;2025;5128852.61
363189;Q2;2025;5027404.53
352331;Q2;2025;568147529.45
319384;Q2;2025;82453904.7
419524;Q1;2025;311634.77
306398;Q1;2025;135438392.8
331317;Q3;2025;236682508.02
420000;Q3;2025;48437458.9
419010;Q3;2025;325470913.48
355577;Q3;2025;54301537.18
368148;Q1;2025;17703860.75
417220;Q1;2025;599121.58
327638;Q2;2025;8717715.04
354325;Q3;2025;61465279.37
416690;Q3;2025;60727066.44
350249;Q3;2025;232085912.53
311391;Q2;2025;5654324.63
321087;Q2;2025;27869222.72
315583;Q3;2025;14725289.1
340251;Q3;2025;54798908.65
343676;Q1;2025;15127374.6
320820;Q3;2025;39205490.96
303178;Q3;2025;53283704.84
328537;Q1;2025;37641327.32
350648;Q1;2025;8193213.08
333662;Q3;2025;138893757.31
335754;Q3;2025;83442675.51
410292;Q1;2025;17099464.49
414212;Q1;2025;6407809.12
328375;Q1;2025;6406115.28
333875;Q2;2025;26140192.96
422029;Q2;2025;136842248.95
412015;Q2;2025;1827224.52
417831;Q2;2025;1786930.5
422771;Q3;2025;57822769.66
343463;Q2;2025;37284865.07
364584;Q2;2025;209169245.17
343676;Q3;2025;47126791.54
342157;Q1;2025;2544526.85
422088;Q2;2025;1395579.77
344788;Q1;2025;2827472.18
353698;Q2;2025;9154788.9
323080;Q2;2025;2346657264.15
000701;Q1;2025;1205194240.59
303178;Q1;2025;16312706.45
388092;Q1;2025;2074564.59
355691;Q2;2025;297333432.24
401081;Q3;2025;84540282.47
422754;Q2;2025;183297.47
413330;Q3;2025;28423070.96
415910;Q2;2025;1236405.4
350699;Q2;2025;61336936.88
357022;Q3;2025;63540138
302228;Q1;2025;6285381.92
352586;Q2;2025;31347686
413747;Q3;2025;3003964.17
343889;Q2;2025;2743987638.56
414654;Q1;2025;1585683.55
304212;Q1;2025;2485208.98
424188;Q3;2025;1800511827.15
357511;Q1;2025;241599986.26
411868;Q2;2025;3888404.49
415944;Q2;2025;68474.5
419958;Q2;2025;16021061.67
327417;Q2;2025;123601124.74
345776;Q2;2025;28380794.05
410128;Q2;2025;21054355.5
406937;Q3;2025;16943984.15
314218;Q2;2025;341876341.75
300136;Q1;2025;28729013.43
324299;Q1;2025;8188441.83
419141;Q1;2025;26422662.84
341941;Q3;2025;12639124.29
422827;Q1;2025;5750070.56
382655;Q1;2025;1422381.65
359289;Q1;2025;38608164.19
385697;Q3;2025;318950999.37
320251;Q1;2025;53956546.13
354562;Q1;2025;41785372.2
415065;Q1;2025;11477004.23
335789;Q1;2025;6105296.57
359661;Q2;2025;1182156279.04
420841;Q1;2025;2848.8
414905;Q3;2025;45011721.09
353060;Q2;2025;121043963.68
416410;Q3;2025;56469.49
371106;Q1;2025;48096257.97
423564;Q2;2025;502591.14
419427;Q3;2025;52966648
333867;Q3;2025;10391658.52
344915;Q1;2025;1008771.89
423645;Q2;2025;46824.57
333239;Q1;2025;327877.36
316903;Q3;2025;374581.83
412759;Q2;2025;15131467.43
414310;Q2;2025;56105407.02
323055;Q2;2025;30009428.52
309222;Q3;2025;1590274861.63
323926;Q2;2025;45068771.44
301124;Q2;2025;17666864.4
304131;Q1;2025;28161018.18
343722;Q3;2025;11410079.31
366340;Q2;2025;24812556.04
416410;Q1;2025;5965.44
317144;Q1;2025;628048750.62
358339;Q3;2025;4554328.88
333662;Q1;2025;38566184.38
402206;Q2;2025;10864090.34
421006;Q3;2025;44913641.87
326500;Q3;2025;285185925.67
416428;Q3;2025;26919092.09
414573;Q3;2025;57747130.19
409286;Q1;2025;90940.11
422827;Q3;2025;21675766.53
415936;Q3;2025;33870101.17
423319;Q3;2025;39800415.29
424170;Q1;2025;240338.68
385697;Q1;2025;92960689.2
408794;Q1;2025;7756918.99
419141;Q3;2025;92080649.45
415065;Q3;2025;39930445.13
348244;Q3;2025;73333330.05
335258;Q2;2025;10939318.11
402001;Q2;2025;5315723.99
347507;Q2;2025;104924529.26
414492;Q3;2025;139540863.07
367095;Q3;2025;291735114.05
354562;Q3;2025;161372210.63
311146;Q1;2025;16579706.97
356417;Q3;2025;323561866.82
389854;Q1;2025;2976340.62
406945;Q2;2025;26430650.24
354031;Q2;2025;252463291.44
325236;Q3;2025;72550823.99
401081;Q1;2025;28854111.64
300713;Q2;2025;59413508.81
408093;Q3;2025;3621592.46
355593;Q1;2025;12203787.16
324213;Q2;2025;1620417.3
421723;Q2;2025;1004405.32
302228;Q3;2025;21291572.47
303844;Q1;2025;9999084.13
306886;Q3;2025;406064541.05
422746;Q3;2025;2858933.71
358053;Q3;2025;114283799.48
362140;Q2;2025;44396797.03
382639;Q3;2025;1793692.4
306762;Q3;2025;129467491.4
418072;Q2;2025;42787.27
419052;Q2;2025;27395787.59
415243;Q1;2025;1068531.01
371254;Q2;2025;384708012.62
348082;Q3;2025;201447754.37
344800;Q3;2025;230068808.69
364070;Q2;2025;14274947.07
336467;Q3;2025;12543297.48
418919;Q1;2025;11089044.41
339458;Q2;2025;2274998.2
408522;Q3;2025;997622.63
319422;Q3;2025;64092576.87
397245;Q2;2025;554175.16
346951;Q3;2025;51066206.31
325082;Q2;2025;4811496.75
302627;Q1;2025;9249631.6
314366;Q3;2025;2659162.35
335614;Q1;2025;348229978.42
304395;Q3;2025;91475484.58
414352;Q3;2025;101772578.34
342203;Q1;2025;4347354.33
406813;Q3;2025;3105866.87
368253;Q3;2025;7758438096.48
401480;Q1;2025;5995847.31
422959;Q2;2025;2523386.55
379280;Q3;2025;163211235.46
331317;Q1;2025;72897411.63
347108;Q1;2025;11836322.2
304883;Q2;2025;127057026.39
418803;Q2;2025;44800814.61
370681;Q2;2025;90329400.04
419753;Q2;2025;4165347.24
424048;Q1;2025;609816.24
315567;Q3;2025;137906675.57
324477;Q1;2025;78780076.37
355593;Q3;2025;39978083
321338;Q1;2025;435104.41
358096;Q3;2025;70897606.69
413160;Q1;2025;11632046.35
363391;Q2;2025;3361471.76
354325;Q1;2025;19761629.54
343153;Q1;2025;3386245.5
347795;Q3;2025;4489685.47
000884;Q3;2025;251244185.15
330116;Q1;2025;11095298.53
417297;Q3;2025;72821738.94
422487;Q2;2025;4398249.55
005711;Q3;2025;24116517223
361011;Q3;2025;417413566.52
415936;Q1;2025;9629800.67
344915;Q3;2025;2802710.63
372561;Q2;2025;39871039.18
330809;Q1;2025;28991675.01
413267;Q2;2025;1281530.63
361569;Q2;2025;7189599.99
372609;Q1;2025;57895631.85
329665;Q2;2025;13533926.38
335517;Q3;2025;63938499.39
328294;Q1;2025;23761669.24
369411;Q3;2025;121509445.38
350141;Q1;2025;338708539.61
301744;Q2;2025;32155153.82
414492;Q1;2025;40984908.36
367397;Q1;2025;74449764.16
389854;Q3;2025;9720477.08
304468;Q2;2025;60020547.53
359122;Q2;2025;47848243.98
411809;Q2;2025;5362028.32
421634;Q3;2025;3595069.69
316873;Q1;2025;31969866.09
386588;Q1;2025;70554984.81
384577;Q2;2025;351335370.27
000582;Q3;2025;4534185104.08
422151;Q2;2025;8299016.61
306886;Q1;2025;128408414.77
348261;Q2;2025;23801599.69
331651;Q1;2025;18853216.42
413518;Q2;2025;10500310.66
422070;Q2;2025;25914423.11
361461;Q2;2025;39091853.55
306100;Q2;2025;76592114.89
423912;Q2;2025;177539.47
313751;Q2;2025;19751555.95
309524;Q3;2025;23111335.03
344451;Q3;2025;16075893.38
346926;Q3;2025;1012203667.64
324345;Q3;2025;108637217.33
303976;Q2;2025;755713367.14
346004;Q2;2025;9713997.21
318566;Q1;2025;34219043.08
409405;Q2;2025;1534134.19
419419;Q2;2025;18148728.64
422371;Q2;2025;16234800.56
305421;Q2;2025;1857523.92
423432;Q1;2025;848570.21
304531;Q2;2025;4821678.04
423203;Q2;2025;1724764.95
300136;Q3;2025;86687647.99
417661;Q3;2025;49163683.53
333808;Q3;2025;44742792.62
354783;Q1;2025;82022598.47
365530;Q2;2025;22474743.9
374440;Q3;2025;26035595.41
364860;Q1;2025;38063370.34
348520;Q2;2025;463184706.76
327557;Q2;2025;52754149.64
419486;Q3;2025;43617498.39
410110;Q3;2025;19252669.63
348830;Q1;2025;55073479.63
419974;Q2;2025;4554929.88
311715;Q3;2025;111417356.19
422355;Q1;2025;868650.49
322571;Q3;2025;92121812.49
416584;Q3;2025;34485466.6
411256;Q3;2025;360223380.77
316903;Q1;2025;124677.97
412058;Q2;2025;15660588.37
303267;Q2;2025;222898873.57
418137;Q2;2025;12554328.75
326305;Q2;2025;10839042884.31
339679;Q2;2025;3240599961.22
309087;Q2;2025;39281234.59
422762;Q3;2025;16601349.03
382876;Q1;2025;606539170.54
416801;Q2;2025;41748279.49
418021;Q2;2025;162730437.77
417475;Q1;2025;1941592.52
343269;Q1;2025;250136910.73
353264;Q3;2025;18863813.92
357391;Q2;2025;925283690.71
373109;Q2;2025;1959451.18
302953;Q3;2025;336581569.06
336106;Q1;2025;81792709.21
415626;Q2;2025;12784281.17
342343;Q3;2025;33268176.52
368555;Q1;2025;6732582.72
423718;Q1;2025;4823111.7
343404;Q2;2025;958045.74
413747;Q1;2025;1024378.27
318035;Q2;2025;27391012.57
354996;Q2;2025;15856479.89
352314;Q3;2025;67881344.81
357669;Q1;2025;4861766.63
418587;Q1;2025;16756849.44
345091;Q1;2025;14961508.1
311618;Q2;2025;53333951.92
416525;Q1;2025;2547541.06
354619;Q2;2025;17010267.8
344141;Q1;2025;912829.78
423335;Q3;2025;40609005.87
361941;Q1;2025;24729411.76
408034;Q1;2025;1219017.36
419524;Q3;2025;869935.51
402966;Q2;2025;10535920.47
324299;Q3;2025;22117501.76
421707;Q2;2025;6286661.14
356476;Q2;2025;63668928.53
310247;Q1;2025;67168473.46
351202;Q3;2025;615005472.58
335541;Q2;2025;33327157.46
310981;Q1;2025;3106742.67
417106;Q2;2025;1153567.62
418749;Q1;2025;1428839.03
317632;Q3;2025;255626466.56
340251;Q1;2025;17797777.18
315648;Q3;2025;33701793.91
360414;Q2;2025;31639993.46
303623;Q1;2025;192029482.97
321931;Q2;2025;21393216.75
311294;Q2;2025;86867929.52
352179;Q2;2025;41031301.71
353353;Q3;2025;434144478.89
416398;Q1;2025;16400169.11
352683;Q2;2025;126164827
410608;Q1;2025;3262438.07
390259;Q3;2025;6286214.89
324493;Q2;2025;101402556.27
315583;Q1;2025;6815581.45
423173;Q3;2025;149697440
320862;Q2;2025;50038078.77
370088;Q1;2025;16142454.09
361593;Q3;2025;9278320.41
370592;Q1;2025;3855297.31
423661;Q2;2025;41628415.2
307751;Q2;2025;60833525.78
419851;Q1;2025;2477142.7
358754;Q2;2025;30948585.95
337498;Q3;2025;51420796.61
421421;Q2;2025;125788780.44
354627;Q3;2025;38714962.51
306045;Q3;2025;6537741.3
352519;Q3;2025;11781113.06
344885;Q1;2025;352427564.39
324175;Q3;2025;22317147.2
411752;Q3;2025;145515020.26
420981;Q1;2025;1516452.39
403962;Q2;2025;30691192.81
421871;Q1;2025;2341437.47
324523;Q1;2025;198.58
330281;Q3;2025;36049492.27
419150;Q1;2025;13607044.11
357138;Q2;2025;74632588.33
342611;Q3;2025;96336249.93
327328;Q1;2025;282159.35
337374;Q3;2025;219635810.34
366561;Q2;2025;155367941.54
305472;Q3;2025;73063177.93
342955;Q2;2025;1956558.78
416401;Q1;2025;45328501.42
313475;Q1;2025;3534694.43
360783;Q1;2025;2938905.88
345458;Q1;2025;15986586.53
331988;Q2;2025;225444017.49
367613;Q2;2025;4843723.01
327689;Q3;2025;766086235.58
417815;Q2;2025;33032512.88
370070;Q1;2025;120972273.99
420166;Q1;2025;44169153.85
324361;Q1;2025;58779300.54
413551;Q3;2025;645496.62
422398;Q1;2025;23026981.04
309907;Q1;2025;34555131.88
318477;Q1;2025;26388334.65
347655;Q1;2025;26362019.42
385255;Q3;2025;118389420.66
342084;Q2;2025;657586799.13
415987;Q1;2025;1051624.06
346659;Q1;2025;1821923779.06
362832;Q3;2025;27793332.2
421766;Q3;2025;57858804.19
326755;Q1;2025;45638422.88
423441;Q3;2025;7171650.97
313211;Q3;2025;97555159.95
358088;Q2;2025;117992153.24
421367;Q1;2025;1484944.68
347736;Q1;2025;9167721.04
416738;Q2;2025;40907020.72
326861;Q1;2025;73551777.82
000477;Q1;2025;93880682.42
350371;Q1;2025;59617575.89
422339;Q3;2025;299940659.04
343731;Q3;2025;715508786.35
418820;Q1;2025;11404058.95
359777;Q1;2025;59002483.44
422631;Q1;2025;30838913.81
344397;Q2;2025;186479131.93
420085;Q1;2025;3855833.88
337561;Q3;2025;12953599.93
317012;Q3;2025;43119382.85
306126;Q3;2025;141276585.33
006246;Q3;2025;20047570696.4
320897;Q2;2025;40782418.35
354295;Q3;2025;186476790.48
320706;Q1;2025;98591544.35
311618;Q3;2025;80013244.36
419249;Q2;2025;239853500.42
304701;Q2;2025;1570957445.64
401480;Q3;2025;17465204.38
412635;Q2;2025;9521909.91
353663;Q1;2025;95707596.61
413160;Q3;2025;38372032.59
423661;Q3;2025;67955530.72
307751;Q3;2025;93590998.2
420701;Q3;2025;27662722.82
343269;Q2;2025;498513834.93
417661;Q2;2025;31052008.23
419028;Q2;2025;1498193.93
358096;Q1;2025;22777829.02
309028;Q2;2025;6153640.88
312347;Q3;2025;109159899.34
340952;Q2;2025;216671375.25
334561;Q3;2025;547591438.53
301060;Q2;2025;28521176.99
407569;Q2;2025;3421666.04
352179;Q3;2025;65193145.45
416495;Q2;2025;35075235.14
406481;Q2;2025;43589309.96
315044;Q2;2025;113339183.12
410110;Q2;2025;13149991.73
329339;Q3;2025;238043635.1
319996;Q3;2025;939046852.29
413429;Q2;2025;9799617.19
352501;Q3;2025;2807140036.21
421561;Q2;2025;416773.42
356417;Q1;2025;98987030.79
336467;Q1;2025;3720371.32
417947;Q2;2025;65715242.15
406554;Q2;2025;64488619.52
421618;Q3;2025;4013116.69
360449;Q3;2025;933735045.07
412996;Q3;2025;6561049.01
330566;Q2;2025;56167832.77
336831;Q2;2025;66189401.96
358436;Q3;2025;14106490.72
314099;Q2;2025;105964666.96
357715;Q3;2025;31370774.91
356123;Q1;2025;34643329.44
362573;Q2;2025;19381473.61
386596;Q3;2025;85369517.26
361615;Q3;2025;82449193.43
345741;Q3;2025;1856157.66
420093;Q3;2025;3267960.1
359033;Q1;2025;9210445.24
330108;Q3;2025;85965725.17
422321;Q1;2025;14613755.83
342386;Q3;2025;29408220.89
345091;Q2;2025;32952071.76
342131;Q2;2025;15910491.97
349682;Q2;2025;162581764.58
395480;Q2;2025;37423280.41
418374;Q3;2025;69703213.56
304051;Q1;2025;25637777.07
419486;Q1;2025;14107653.46
346951;Q1;2025;15655349.67
324566;Q1;2025;18628240.88
347795;Q1;2025;1377650.17
422584;Q2;2025;11891150.32
330116;Q3;2025;34497210.01
354066;Q3;2025;290170797.59
421197;Q1;2025;23701189.83
342033;Q2;2025;375217829.23
353353;Q2;2025;280163653.3
415693;Q2;2025;80223469.36
420085;Q3;2025;14564781.09
334847;Q3;2025;13782818.25
315567;Q1;2025;44647215.63
417955;Q2;2025;33075323.22
416428;Q1;2025;1053537.38
309907;Q3;2025;100611799.04
346926;Q1;2025;339345947.14
306126;Q1;2025;43748678.28
342033;Q1;2025;183408719.34
423700;Q1;2025;1940.05
324477;Q2;2025;151135184.8
410888;Q3;2025;23680208.32
321125;Q2;2025;9741830.3
337188;Q2;2025;147496588.81
327689;Q2;2025;505372770.2
420166;Q3;2025;134232308.87
339679;Q1;2025;1603725432.27
333239;Q3;2025;949872.53
366064;Q2;2025;34863050.55
335100;Q2;2025;625659693.57
355721;Q2;2025;424086492.19
385620;Q1;2025;11518543.22
406635;Q1;2025;1938497.85
343722;Q1;2025;3123840.54
414701;Q2;2025;4309167.72
348830;Q2;2025;113681799.6
423173;Q1;2025;66088065.98
348520;Q3;2025;702951195.6
335100;Q1;2025;299531883.53
344788;Q3;2025;10722319.18
394734;Q1;2025;20181647.42
389358;Q2;2025;5109739.03
320838;Q3;2025;776790.64
416801;Q3;2025;67040518.67
339954;Q3;2025;518424666.68
406554;Q1;2025;38201727.44
305626;Q2;2025;13215734.31
417947;Q3;2025;98194437.41
320820;Q1;2025;10613737.74
319872;Q1;2025;977782.98
347108;Q3;2025;40244154.64
414387;Q2;2025;2868951.25
356476;Q3;2025;99969811.19
415111;Q1;2025;61834619.22
311057;Q1;2025;64547.93
335592;Q2;2025;563817103.22
380661;Q2;2025;180019223.63
302627;Q2;2025;21190646
315648;Q1;2025;11037437.84
301060;Q3;2025;44476632
321931;Q3;2025;35380820.19
311847;Q2;2025;172858038.28
414930;Q2;2025;49518559.27
317233;Q2;2025;159943319.52
336017;Q2;2025;2058285.03
421634;Q2;2025;2226702.12
363286;Q3;2025;36027061.68
344729;Q1;2025;35761778.94
418587;Q3;2025;50010920.94
419699;Q1;2025;9865963.2
338346;Q2;2025;37010167.36
357511;Q3;2025;763390244.45
421189;Q3;2025;3065643.56
304395;Q2;2025;59768119.69
384704;Q3;2025;21377285.41
413429;Q3;2025;14680517.09
324566;Q2;2025;39839827.36
413267;Q3;2025;1967494.74
372561;Q1;2025;19208762.86
418617;Q1;2025;10840721.17
354295;Q2;2025;118438971.85
421642;Q2;2025;44905.01
419851;Q3;2025;8522173.47
418218;Q2;2025;1992772.69
423718;Q3;2025;6478653.45
335592;Q3;2025;864354593.27
353663;Q2;2025;201701701.87
343765;Q3;2025;22115699.11
312592;Q2;2025;53734555.32
413283;Q2;2025;2193204.99
321338;Q2;2025;534454.41
335789;Q3;2025;18221573.61
404241;Q1;2025;4039046.38
337498;Q1;2025;17291994.5
420077;Q3;2025;226608243.97
365645;Q1;2025;3344445.7
362573;Q3;2025;31340604.67
302953;Q1;2025;98326890.27
365777;Q3;2025;56734977.9
420051;Q1;2025;250403.13
337188;Q1;2025;67853975.58
314706;Q1;2025;2606520.86
310239;Q3;2025;18135913.58
331651;Q2;2025;39744795.74
316881;Q3;2025;107878204.12
338346;Q1;2025;16994463.06
349534;Q2;2025;60783309.08
314668;Q3;2025;148548328.77
419974;Q3;2025;7158334.84
311715;Q2;2025;69559647.26
303267;Q3;2025;349466221.52
421928;Q2;2025;204258531.68
368148;Q3;2025;52945778.15
421766;Q2;2025;33522782.96
315494;Q1;2025;8298927.19
305472;Q2;2025;46807676.41
345458;Q2;2025;32854366.97
340162;Q1;2025;1349689.81
314781;Q2;2025;14860834.48
406635;Q2;2025;3991639.35
397245;Q3;2025;825783.87
359122;Q1;2025;24715870.98
419052;Q1;2025;13837570.36
417505;Q1;2025;136569411.1
329355;Q3;2025;38481517.96
357138;Q1;2025;33901106
354511;Q2;2025;76682468.88
335690;Q3;2025;2385322130.07
422355;Q3;2025;2262236.46
355097;Q3;2025;662366558.64
334561;Q2;2025;348316913.49
317896;Q3;2025;28013289.33
421341;Q3;2025;71107293.62
358088;Q1;2025;60416859.41
367613;Q1;2025;2509608.14
424463;Q3;2025;40578.82
418226;Q1;2025;2677120.08
313149;Q1;2025;1612537.09
419699;Q3;2025;29946522.91
317012;Q2;2025;28076793.35
336831;Q3;2025;104590366.1
330892;Q1;2025;4631440.87
423432;Q3;2025;2026350.15
323004;Q3;2025;14278096.82
423181;Q1;2025;123798.39
370975;Q3;2025;39065238.89
382540;Q3;2025;80824158.13
334847;Q2;2025;8264181.79
422584;Q3;2025;21047177.99
315494;Q3;2025;28900581.13
324493;Q1;2025;50304469.15
314099;Q1;2025;50566553.02
417297;Q1;2025;23301503.96
410608;Q2;2025;7281339.91
386588;Q3;2025;229406650.27
387185;Q1;2025;7661832.38
327468;Q3;2025;19151784.17
358282;Q3;2025;28295615.51
334154;Q1;2025;19424752.98
351792;Q1;2025;88076.09
347655;Q2;2025;56410643.92
406481;Q1;2025;22089332.33
324159;Q3;2025;54613917.9
342807;Q3;2025;131521805.88
353876;Q1;2025;10035306.19
415987;Q2;2025;2540237.68
423700;Q3;2025;87264.22
359033;Q2;2025;18344277.53
308811;Q3;2025;28565682.16
402966;Q3;2025;14254727.79
370070;Q2;2025;248909281.99
335517;Q1;2025;19335150.68
421189;Q1;2025;757403.48
316458;Q1;2025;6736715.4
318477;Q2;2025;48302932.17
305227;Q3;2025;73846559.63
352543;Q2;2025;76772104.52
348295;Q2;2025;554779174.45
419150;Q2;2025;29187808.12
421871;Q2;2025;5256018.08
418501;Q3;2025;9672460.16
414026;Q1;2025;1797608.68
411248;Q2;2025;2694678.21
417505;Q3;2025;418903169.71
344141;Q2;2025;1975069.55
366439;Q2;2025;9249481.51
417491;Q3;2025;9886543.09
321320;Q2;2025;15097426.12
352501;Q2;2025;1793319563.96
420158;Q3;2025;84512872.23
416495;Q3;2025;53509624.9
371777;Q3;2025;101656205.03
000884;Q1;2025;82496034.5
417530;Q3;2025;255869630.28
303356;Q2;2025;250798498.49
418021;Q1;2025;78079233.13
410888;Q1;2025;6810325.15
343064;Q2;2025;44243420.53
342556;Q1;2025;52576876.21
364584;Q3;2025;319674532.96
415111;Q3;2025;190157817.72
321273;Q1;2025;140101664.97
325031;Q3;2025;59890199.49
343404;Q1;2025;430767
415081;Q3;2025;2128582.21
412015;Q3;2025;3101392.74
382876;Q2;2025;1248207240.21
310522;Q2;2025;98516309.38
354996;Q1;2025;7485617.16
419958;Q3;2025;24534878.52
320897;Q3;2025;66405785.58
365238;Q2;2025;35584269.34
421944;Q2;2025;24706430.45
361941;Q2;2025;46417970.85
417840;Q3;2025;1858605.97
312126;Q1;2025;523884337.14
418994;Q2;2025;306660.48
316997;Q3;2025;4987558.38
315478;Q1;2025;364078213.34
300730;Q1;2025;894511.87
386901;Q3;2025;27048782.85
343731;Q1;2025;233143699.37
410624;Q1;2025;2129779.54
409286;Q3;2025;365537.8
382655;Q2;2025;3151023.2
358754;Q3;2025;38396409.56
322831;Q1;2025;20892275.25
000515;Q2;2025;10420156.42
345741;Q1;2025;1343672.78
412252;Q2;2025;13734492.92
411868;Q1;2025;1837953.88
315796;Q3;2025;363628155.94
353027;Q3;2025;51426626.35
326305;Q3;2025;16520110697.94
356581;Q2;2025;28495124.67
422304;Q1;2025;1577022.52
345776;Q1;2025;13843328.11
422720;Q3;2025;197445078.81
314242;Q1;2025;9054211.01
305928;Q2;2025;3545196.13
420000;Q1;2025;16211863.08
406945;Q1;2025;12551573.88
345598;Q1;2025;54264277.3
319996;Q1;2025;325879655.03
379956;Q2;2025;1133339313.24
334243;Q3;2025;5482338.74
418820;Q3;2025;38246527.28
322890;Q3;2025;4011171.78
417548;Q3;2025;135887359.6
423351;Q3;2025;15808784.23
326861;Q2;2025;146401884.2
422151;Q1;2025;4131747.65
333051;Q1;2025;56579286.04
422398;Q3;2025;66717064.62
413551;Q2;2025;441658.4
415014;Q1;2025;22608827.3
392804;Q3;2025;310615943.07
312720;Q3;2025;502763953.6
306100;Q1;2025;37615752.31
419281;Q1;2025;485947.94
323926;Q1;2025;20388450.87
331872;Q1;2025;155893583.45
329886;Q2;2025;49745661.55
326755;Q2;2025;100018909.29
414689;Q2;2025;37997.38
422479;Q3;2025;102584.8
412058;Q3;2025;23346103.38
371564;Q1;2025;8829789
343331;Q1;2025;20913505.93
423319;Q1;2025;13661040.54
409243;Q3;2025;136312569.09
350770;Q1;2025;1089676.35
350141;Q2;2025;691894411.29
414662;Q2;2025;6895564.36
314315;Q1;2025;2726073.09
324175;Q2;2025;12756721.43
329339;Q1;2025;70412474.69
315265;Q1;2025;16646744.58
417211;Q1;2025;16285548.66
414905;Q2;2025;29406426.29
364592;Q3;2025;39231177.62
420786;Q2;2025;13404376.31
421197;Q3;2025;75006630.9
366561;Q1;2025;76430767.45
368920;Q1;2025;21675260.11
422339;Q1;2025;85271230.7
412996;Q1;2025;2175221.68
371106;Q2;2025;102426115.14
423815;Q3;2025;84655.74
341819;Q3;2025;96817.14
344885;Q3;2025;1103898898.42
418749;Q3;2025;4900428.37
421421;Q3;2025;189193948.95
357022;Q1;2025;21151030.95
331988;Q1;2025;105221473.72
416568;Q3;2025;118761179.32
371629;Q1;2025;44831438.2
306045;Q1;2025;2400976.28
419427;Q1;2025;14305920.69
422371;Q3;2025;27807812.53
300136;Q2;2025;57581994.7
414581;Q2;2025;97183151.35
314587;Q3;2025;33325017.72
351407;Q2;2025;59271435.7
365530;Q1;2025;11108192.56
348261;Q3;2025;36696490.05
304131;Q3;2025;87696762.78
331341;Q2;2025;111525315.5
421731;Q2;2025;27431837.35
381144;Q3;2025;4240096.24
344362;Q1;2025;48340989.73
311944;Q2;2025;15646372.44
423572;Q3;2025;1558567.99
330264;Q2;2025;57746445.34
301574;Q1;2025;52519092.22
370568;Q1;2025;1538227.54
345318;Q2;2025;9705056.93
420816;Q2;2025;1393700.89
346004;Q3;2025;15085246.81
313211;Q1;2025;30683296.16
304212;Q3;2025;13298791.72
342386;Q1;2025;8622727.49
348180;Q3;2025;286564805.93
384577;Q3;2025;528228306.55
358436;Q1;2025;4243315.52
413747;Q2;2025;2010709.24
343684;Q3;2025;42695223.99
321044;Q2;2025;503949903.02
315729;Q1;2025;150834801.75
327328;Q3;2025;929642.14
304441;Q2;2025;8312125.58
364860;Q3;2025;132279478.68
357260;Q1;2025;47107424.96
390259;Q1;2025;2039707.43
367087;Q2;2025;145430299.19
318388;Q2;2025;54146881.87
374440;Q2;2025;17598466.37
370681;Q3;2025;136490019.79
418072;Q1;2025;537026.11
306762;Q2;2025;84686163.51
362140;Q1;2025;23619999.1
343056;Q2;2025;2105135.22
301949;Q1;2025;164878813.67
357669;Q3;2025;14572073.87
408034;Q3;2025;2951436.44
370711;Q3;2025;4250320.34
423335;Q1;2025;10834023.47
355593;Q2;2025;24660019.89
416525;Q3;2025;7104349.5
408522;Q2;2025;781012.95
364312;Q1;2025;79962147.88
415901;Q2;2025;691057.47
350249;Q2;2025;155659028.21
321958;Q3;2025;243376663.66
417475;Q3;2025;6949073.09
406937;Q1;2025;5185012.86
413372;Q2;2025;9498602.3
319422;Q2;2025;41548469.42
419010;Q2;2025;204575307.07
416398;Q3;2025;52513648.65
411256;Q2;2025;236001438.97
328375;Q3;2025;20579153.67
369292;Q2;2025;185991846.62
313084;Q1;2025;11311383.14
363189;Q1;2025;2696168.82
363391;Q3;2025;5007333.9
328537;Q3;2025;119609092.34
304484;Q2;2025;28439641.78
414310;Q3;2025;88520000.22
324345;Q2;2025;68786259.63
303739;Q2;2025;102694500.88
411752;Q1;2025;55536303.01
335215;Q1;2025;31074591.17
346870;Q1;2025;2233707.87
300713;Q1;2025;29005674.43
337561;Q1;2025;3955105.21
343129;Q2;2025;14133027.3
382281;Q3;2025;3713102.88
323268;Q2;2025;187318817.04
423408;Q1;2025;376454.29
006246;Q1;2025;6360692010.44
340782;Q2;2025;372255298.5
303976;Q1;2025;376347317.08
313751;Q3;2025;31089023.19
310247;Q3;2025;207270429.13
331104;Q3;2025;2153499.99
418803;Q3;2025;68505495.58
414212;Q3;2025;18600082.65
351270;Q2;2025;17572258.72
415774;Q2;2025;79712426.36
354678;Q2;2025;8163449.28
413534;Q2;2025;452220137.34
411582;Q1;2025;14113163.94
000582;Q1;2025;1319460931.64
342343;Q1;2025;11509174.61
354279;Q3;2025;57950655.55
359777;Q3;2025;187275247.3
420930;Q2;2025;694498.78
346276;Q2;2025;141703044.4
422070;Q1;2025;13257333.35
319708;Q2;2025;131388109.08
355151;Q3;2025;256078391.66
412295;Q2;2025;33568627.1
351776;Q1;2025;7138221.99
359017;Q2;2025;5088413413.39
306886;Q2;2025;262622379.14
369411;Q2;2025;78455114.47
312363;Q3;2025;3613776150.41
350494;Q1;2025;19879556.17
337871;Q3;2025;148817003.55
344451;Q1;2025;4738924.19
307319;Q1;2025;60966577.25
338648;Q1;2025;54412445.11
360244;Q3;2025;212572129.27
409791;Q2;2025;2815932.59
359661;Q3;2025;1859257411.31
414492;Q2;2025;86997267.79
312282;Q3;2025;33493963.56
423645;Q3;2025;346302.82
342611;Q1;2025;23187871.73
316873;Q3;2025;103379946.3
416401;Q3;2025;159653091.64
367095;Q2;2025;193003900.93
415936;Q2;2025;21454767.68
301744;Q1;2025;16823670.56
347604;Q2;2025;4443066.6
353060;Q3;2025;188423146.25
306398;Q3;2025;445493766.69
335657;Q3;2025;21929768.18
422088;Q1;2025;1006362.67
325571;Q2;2025;502540169.29
335258;Q1;2025;5463962.69
318299;Q2;2025;126204442.79
422487;Q3;2025;7198961.15
414573;Q2;2025;37735628.89
419591;Q3;2025;4566553.13
417599;Q3;2025;67810657.23
311961;Q2;2025;62821078.86
370592;Q3;2025;12807026.87
319121;Q3;2025;450016502.85
312851;Q2;2025;419456070.52
415243;Q3;2025;3449971.84
365785;Q3;2025;3540336.53
350699;Q1;2025;25783800.63
304123;Q3;2025;39310678.2
323993;Q3;2025;134659103.16
316148;Q2;2025;52876188.88
317144;Q2;2025;1299527482.81
327417;Q3;2025;191973932.28
333867;Q2;2025;7004477.57
423564;Q3;2025;913832.35
419753;Q3;2025;6190499.94
317632;Q1;2025;79274881.76
368253;Q2;2025;5321963752.13
414654;Q2;2025;3145181.67
406945;Q3;2025;39924860.79
417831;Q3;2025;2861907.62
422029;Q1;2025;61580643.9
352683;Q1;2025;60148720.57
328375;Q2;2025;13139705.05
324299;Q2;2025;15805941.1
343676;Q2;2025;30653315.03
422762;Q2;2025;10363465.64
311391;Q1;2025;2769928.51
331341;Q1;2025;53688518.88
340251;Q2;2025;36737829.18
422088;Q3;2025;2485439.08
324213;Q3;2025;2527176.23
320897;Q1;2025;18974640.65
320251;Q2;2025;105586275.1
420123;Q3;2025;6426167.13
333662;Q2;2025;86851998.62
354627;Q2;2025;24641486.35
354783;Q2;2025;172182021.89
333875;Q3;2025;40177959.53
321087;Q3;2025;44163540.23
413534;Q3;2025;684633022.22
354562;Q2;2025;99444680.36
419516;Q1;2025;7489460.18
369292;Q3;2025;282111797.35
304484;Q3;2025;44978313.99
312851;Q1;2025;207320407.07
423548;Q3;2025;8827553.17
340782;Q1;2025;164452269.46
412015;Q1;2025;845364.74
392804;Q1;2025;95285979.76
303844;Q2;2025;22115733.49
327638;Q3;2025;14158542.98
418501;Q1;2025;2688043.91
414581;Q1;2025;46240321.37
423441;Q2;2025;3726339.74
421359;Q3;2025;12024314.37
311294;Q3;2025;129834469.58
362832;Q2;2025;16690374.25
358282;Q1;2025;9339469.38
310981;Q2;2025;6604255.39
418731;Q3;2025;58072682.95
302228;Q2;2025;13574824.45
354031;Q3;2025;388222646.03
355577;Q2;2025;34241391.59
416738;Q3;2025;64133260.6
350699;Q3;2025;94794780.13
354619;Q3;2025;26496738.32
408034;Q2;2025;2052948.83
402966;Q1;2025;4778254.29
343684;Q1;2025;13146366.8
358339;Q2;2025;3034540.97
306100;Q3;2025;118061681.95
344184;Q2;2025;2351240.59
409405;Q3;2025;2393474.47
346004;Q1;2025;4283389.41
412295;Q3;2025;48791665.88
423335;Q2;2025;23568362.8
307319;Q2;2025;130213893.63
416525;Q2;2025;4837330.83
424170;Q2;2025;763390.55
352519;Q2;2025;8253237.64
423645;Q1;2025;252458.74
420786;Q3;2025;20435088.44
316849;Q1;2025;1680720.58
303267;Q1;2025;103538271.68
316903;Q2;2025;256616.39
309087;Q1;2025;16711245.28
359122;Q3;2025;73888738.05
342084;Q1;2025;322176162.17
311359;Q3;2025;71061792.08
411809;Q1;2025;2739619.16
313751;Q1;2025;9347029.92
303976;Q3;2025;1139055607.54
407011;Q3;2025;2607537.21
334243;Q1;2025;1552783.22
342955;Q1;2025;935937.41
328308;Q1;2025;9871010.1
365530;Q3;2025;35182259.23
422398;Q2;2025;45361007.56
359661;Q1;2025;555479030.68
322326;Q3;2025;8237804.91
347604;Q1;2025;2027886.48
336858;Q3;2025;72329783.97
385255;Q2;2025;76470383.97
423564;Q1;2025;182561.22
351202;Q2;2025;398218212.97
421341;Q1;2025;22284895.52
343889;Q3;2025;4280319036.36
363855;Q1;2025;23347197.14
423203;Q1;2025;1695054.63
353027;Q2;2025;34321821.64
360414;Q3;2025;47523235.92
347825;Q1;2025;2540263.96
413267;Q1;2025;818489.09
343463;Q1;2025;17891827.33
423912;Q3;2025;392745.75
314218;Q1;2025;169576703.73
343153;Q2;2025;6327361.75
419958;Q1;2025;7583405.57
327557;Q3;2025;79020326.76
318213;Q1;2025;9578642.82
306754;Q1;2025;9584541.37
333808;Q2;2025;28263780.19
420077;Q1;2025;68954286.56
411582;Q3;2025;43380301.26
322890;Q1;2025;1184197.53
314587;Q2;2025;21543354.74
355691;Q1;2025;142581327.02
357022;Q2;2025;42811766.22
304531;Q1;2025;2403405.88
361593;Q2;2025;5917346.12
422754;Q3;2025;548509.12
411868;Q3;2025;6868971.96
373109;Q3;2025;3123590.18
417548;Q1;2025;43585275.35
335541;Q3;2025;45585846.42
388092;Q2;2025;5542158.64
419419;Q3;2025;28396277.67
303623;Q2;2025;397267913.01
415944;Q3;2025;117684.33
415910;Q1;2025;621218.84
357391;Q3;2025;1459999048.2
382639;Q2;2025;1060725.2
323357;Q1;2025;15769796.59
330892;Q3;2025;16823210.52
422631;Q2;2025;43188352.46
330809;Q2;2025;48511071.58
349712;Q1;2025;78313550.58
361569;Q3;2025;10568814.3
304344;Q3;2025;68108512.32
000515;Q3;2025;14906323.44
323942;Q3;2025;29396832.57
417131;Q3;2025;1741035.88
346209;Q1;2025;30302387
406805;Q1;2025;5137807.63
304883;Q1;2025;59072644.98
378216;Q1;2025;15362307.3
415081;Q2;2025;1214887.52
412252;Q1;2025;5821498.98
365645;Q3;2025;4147627.69
325465;Q1;2025;8838786.07
319180;Q2;2025;27088291.44
339679;Q3;2025;4879495499.11
311944;Q3;2025;24707811.03
335479;Q1;2025;98634264.65
305928;Q3;2025;5430331.87
421944;Q3;2025;40651897.45
325465;Q3;2025;26819849.93
424048;Q2;2025;2202235.11
344800;Q2;2025;154330703.92
311375;Q3;2025;160989041.33
413721;Q1;2025;7471200.33
422681;Q2;2025;42864445.5
418820;Q2;2025;22459290.15
414026;Q3;2025;4963282.52
421154;Q1;2025;10975343.38
346209;Q3;2025;86736471.66
423629;Q1;2025;3307898.92
420000;Q2;2025;31779237.77
372561;Q3;2025;61585604.35
005711;Q2;2025;15580421309.02
319384;Q3;2025;124976371.79
418137;Q1;2025;6156864.69
304441;Q1;2025;4103796.56
419079;Q2;2025;27551.21
349712;Q3;2025;254777293.13
315729;Q2;2025;313049009.75
325571;Q1;2025;238177897.83
407534;Q1;2025;478448.91
344397;Q3;2025;274945565.74
324523;Q2;2025;2616.66
312720;Q1;2025;156380661.87
355151;Q2;2025;169140759.33
423629;Q3;2025;13396673.71
305421;Q3;2025;2674955.91
370681;Q1;2025;43849936.43
423262;Q3;2025;197306.18
327352;Q3;2025;21903269.05
319121;Q2;2025;283035736.05
414352;Q2;2025;66826703.71
417815;Q3;2025;49586350.2
409634;Q2;2025;4541562.43
301728;Q1;2025;13746674.5
314366;Q2;2025;1684838.61
371254;Q1;2025;189073136.2
350346;Q2;2025;10279336.42
418650;Q3;2025;120503553.87
346659;Q2;2025;3836944482.05
313475;Q2;2025;6745471.91
344397;Q1;2025;90339321.23
345709;Q2;2025;61072346.01
423181;Q3;2025;205684.38
324361;Q2;2025;123819747.83
316148;Q3;2025;83794074.05
423262;Q1;2025;129517.18
369659;Q3;2025;397428664.8
420981;Q2;2025;3395318.81
337374;Q2;2025;139606377.69
363286;Q1;2025;11542431.38
350371;Q2;2025;120096501.75
317632;Q2;2025;165782544
372609;Q2;2025;116823323.02
323357;Q3;2025;53476382.58
367613;Q3;2025;7269409.53
385620;Q3;2025;33809968.08
325571;Q3;2025;789562113.14
340162;Q3;2025;2499403.42
354996;Q3;2025;24689552.66
370592;Q2;2025;8333682.65
347604;Q3;2025;6933909.5
360414;Q1;2025;15225102.2
307751;Q1;2025;26734013.09
335479;Q3;2025;301736996.64
421154;Q3;2025;40517696.7
416398;Q2;2025;33487985.95
418129;Q2;2025;3325647.23
329665;Q3;2025;25494375.89
311375;Q1;2025;50162582.39
417106;Q1;2025;571094.06
352314;Q2;2025;42490140.73
347736;Q2;2025;18386511
418919;Q2;2025;23324463.11
331988;Q3;2025;354556305.35
330281;Q2;2025;23581922.7
337668;Q1;2025;140377218.56
407534;Q3;2025;2049742.37
360783;Q2;2025;6135987.2
303739;Q3;2025;157841647.66
336106;Q2;2025;171855305.63
342611;Q2;2025;58774072.53
314706;Q3;2025;9599511.65
335614;Q2;2025;737351163.02
403962;Q3;2025;46627267.3
342955;Q3;2025;3054185.52
417475;Q2;2025;4558960.5
366561;Q3;2025;230817392.01
408026;Q3;2025;4135114.55
417131;Q1;2025;389613.02
000701;Q2;2025;2551076194.89
312347;Q1;2025;36898177.25
414212;Q2;2025;12261047.37
370088;Q2;2025;30712263.65
318035;Q3;2025;43722355.9
333875;Q1;2025;12708670.32
357669;Q2;2025;9749995.7
341941;Q2;2025;8694164.83
368148;Q2;2025;35103004.51
418731;Q1;2025;17244812.56
416690;Q2;2025;37941418.35
354678;Q3;2025;13125764.23
420093;Q1;2025;1046807.97
390259;Q2;2025;4160277.75
312592;Q3;2025;84054732.52
343463;Q3;2025;58605961.72
360449;Q1;2025;281513464.45
321087;Q1;2025;12431292.61
413372;Q3;2025;15233340.95
304051;Q3;2025;90181493.75
418374;Q1;2025;24766876.79
328537;Q2;2025;76296850.6
423548;Q1;2025;2745276.81
353264;Q2;2025;12387997.38
357391;Q1;2025;456988550.14
417530;Q1;2025;79987529.2
318388;Q1;2025;24068168.69
382281;Q2;2025;2150032.24
420123;Q1;2025;2214820.09
421642;Q3;2025;756463.52
305626;Q3;2025;21171749.18
356123;Q3;2025;119177722.54
367087;Q3;2025;227670425.26
418218;Q1;2025;817683.67
355691;Q3;2025;465709974.66
357715;Q1;2025;9581090.21
415626;Q3;2025;20649307.54
352683;Q3;2025;197136701.3
320706;Q3;2025;309801384.8
410292;Q2;2025;35021919.47
320862;Q3;2025;78084221.99
416801;Q1;2025;19055098.88
335754;Q2;2025;53608417.99
415944;Q1;2025;25919.95
420158;Q1;2025;21220219.27
304212;Q2;2025;6535127.64
416584;Q2;2025;22439428.38
337871;Q1;2025;50162417.12
327417;Q1;2025;59455534.98
414387;Q3;2025;4475875.23
321931;Q1;2025;8716081.01
337668;Q3;2025;405431554.69
355721;Q3;2025;657186831.91
335541;Q1;2025;19215848.32
408026;Q1;2025;1008044.92
371777;Q1;2025;30735792.89
370975;Q2;2025;26558446.92
415910;Q3;2025;1842852.61
363855;Q3;2025;71260053.41
322326;Q1;2025;2646384.94
419419;Q1;2025;8154111.43
304531;Q3;2025;7285855.03
311618;Q1;2025;26637627.99
402206;Q1;2025;5299613.7
356476;Q1;2025;30663429.02
417599;Q2;2025;46133390.26
422771;Q2;2025;33226456.49
420930;Q1;2025;637492.58
407011;Q1;2025;1671527.09
368555;Q2;2025;13722210.82
408794;Q2;2025;14991126.78
339954;Q1;2025;158596069.24
311391;Q3;2025;8234286.75
331341;Q3;2025;172182117.04
320838;Q1;2025;225171.17
423408;Q3;2025;327538.66
321044;Q1;2025;245019635.12
420271;Q2;2025;8605719.04
321125;Q1;2025;4786366.8
409405;Q1;2025;895068.22
382540;Q2;2025;50891781.88
314781;Q3;2025;23979498.25
306398;Q2;2025;288261820.87
420786;Q1;2025;6266876.95
335657;Q1;2025;6364905.83
301744;Q3;2025;49086995.32
408263;Q3;2025;7845656.88
380661;Q1;2025;89408933.66
355097;Q1;2025;205749484.27
310239;Q1;2025;5737112.64
413721;Q3;2025;24058481.4
417220;Q2;2025;1259102.52
342556;Q3;2025;188117731.42
354279;Q2;2025;39358062.08
351776;Q3;2025;21770578.56
410128;Q3;2025;32595645.69
367397;Q2;2025;157118637.65
363189;Q3;2025;7523037.02
352331;Q3;2025;896361882.13
352586;Q1;2025;16759328.02
336858;Q1;2025;20513161.55
343129;Q3;2025;22051865.38
316849;Q3;2025;6654831.48
328308;Q3;2025;34212888.61
320510;Q3;2025;20458826.55
329886;Q3;2025;77936042.79
389358;Q1;2025;2470049.83
404241;Q2;2025;7846185.33
361461;Q3;2025;60862057.42
406937;Q2;2025;10724277.58
415901;Q1;2025;352014.83
338648;Q3;2025;132672755.59
413518;Q3;2025;16190446.15
419516;Q3;2025;22577743.58
312282;Q1;2025;9660599.3
343331;Q2;2025;40504220.9
414689;Q3;2025;93261.5
414701;Q3;2025;6581015.27
323942;Q1;2025;8882598.89
358096;Q2;2025;46823265.49
346926;Q2;2025;669999806.91
331872;Q2;2025;321175784.98
415693;Q1;2025;39521298.6
421359;Q1;2025;3616294.03
369292;Q1;2025;88104666.43
418803;Q1;2025;20938135.77
318566;Q2;2025;70797934.98
421618;Q1;2025;1358108.8
422941;Q3;2025;2840
369659;Q1;2025;122585549.87
422070;Q3;2025;46688913.46
340782;Q3;2025;557379598.59
422835;Q3;2025;12199345.8
364592;Q2;2025;27675412.43
300730;Q2;2025;1774307.22
316997;Q2;2025;3162872.22
304468;Q3;2025;93148957.31
350494;Q3;2025;65299890.58
413160;Q2;2025;23827795.48
342157;Q2;2025;6574826.09
342131;Q1;2025;7008542.91
420701;Q2;2025;16431184.17
386901;Q2;2025;15752030.06
395480;Q1;2025;18062624.47
364312;Q3;2025;262206415.06
419591;Q1;2025;1582541.58
304123;Q1;2025;12214557.38
313084;Q3;2025;35874977.47
316458;Q2;2025;14080335.54
365777;Q1;2025;15650515.86
418650;Q1;2025;36316706.48
348082;Q2;2025;132312800.95
364070;Q1;2025;6745701.11
304701;Q3;2025;2463946680.97
319384;Q1;2025;40914121.83
419249;Q1;2025;119085600.76
324159;Q2;2025;35078427.44
329355;Q1;2025;11027809.05
310522;Q3;2025;168212837.87
317896;Q1;2025;8922170.38
370711;Q1;2025;1280323.88
356581;Q3;2025;43700437.67
357260;Q3;2025;150897358.14
339458;Q1;2025;1084975.51
328294;Q2;2025;49881926.88
348244;Q2;2025;46575840.02
354325;Q2;2025;38790625.92
321273;Q2;2025;291783449.5
325082;Q3;2025;10916185.09
411248;Q3;2025;4063880.58
349682;Q1;2025;71064789.46
331104;Q1;2025;1084699.55
379956;Q3;2025;1779106041.96
406813;Q2;2025;2009974.72
317233;Q1;2025;67366195.08
421723;Q3;2025;1722966.08
378216;Q3;2025;46491568.89
331317;Q2;2025;155878676.5
342203;Q2;2025;9153189.58
301574;Q2;2025;113227731.13
348295;Q3;2025;862959211.14
358053;Q2;2025;52671288.44
304131;Q2;2025;56513705.71
366439;Q1;2025;3954909.93
311472;Q3;2025;4262970.73
407224;Q2;2025;2476565.63
419753;Q1;2025;1967815.52
308811;Q2;2025;18174217.92
306754;Q3;2025;33069795.28
311359;Q1;2025;20740389.38
371629;Q2;2025;92237289.64
311057;Q3;2025;272538.71
423572;Q2;2025;362424.88
000515;Q1;2025;7096486.67
421006;Q2;2025;29923887.01
414662;Q1;2025;3299209.22
370568;Q3;2025;6060637.8
422959;Q3;2025;3777397.11
417211;Q3;2025;53984001.84
301949;Q3;2025;549197675.81
345318;Q3;2025;14734120.11
302147;Q2;2025;2914273233.25
309222;Q2;2025;1012863450.12
311944;Q1;2025;7795606.64
368920;Q2;2025;43504780.43
409286;Q2;2025;217777.61
410624;Q2;2025;4560664.05
343765;Q1;2025;7160791.16
371564;Q3;2025;25422787.71
321320;Q1;2025;7167731.59
422321;Q3;2025;49963243.52
354031;Q1;2025;124873997.5
417955;Q3;2025;54269827.41
412759;Q1;2025;6708834.7
325236;Q2;2025;44461237.13
323004;Q2;2025;8177959.81
366340;Q1;2025;11926751.98
394734;Q3;2025;54739285.7
300713;Q3;2025;89704349.77
343064;Q1;2025;21907361.5
335258;Q3;2025;17130658.61
327468;Q2;2025;11773260.33
301124;Q3;2025;26502244
335690;Q2;2025;1549840122.49
318213;Q3;2025;34893158.75
359289;Q2;2025;84438118.82
419427;Q2;2025;30148713.41
353060;Q1;2025;59400741.43
422746;Q2;2025;1658864.41
303356;Q3;2025;398578039.15
353876;Q2;2025;19503596.98
408093;Q2;2025;1599671.16
313149;Q2;2025;3506367.1
347507;Q3;2025;165412888.14
314242;Q3;2025;33842906.44
354066;Q1;2025;94217661.51
401081;Q2;2025;56984978.57
345598;Q2;2025;110436018.94
402001;Q1;2025;2644589.97
330108;Q1;2025;27653378.26
423319;Q2;2025;25515941.1
422827;Q2;2025;13504683.72
319872;Q3;2025;3253866.41
417491;Q2;2025;3450053.53
330566;Q1;2025;25730239.27
418170;Q2;2025;178400198.27
315044;Q1;2025;50566835.02
352543;Q1;2025;34153131.6
350770;Q3;2025;3574500.04
343889;Q1;2025;1326993867.4
323055;Q3;2025;46354582.89
323926;Q3;2025;68046734.27
335789;Q2;2025;11800819.33
364584;Q1;2025;103136112.49
419141;Q2;2025;59162001.33
385697;Q2;2025;204966211.2
333051;Q3;2025;188363295.87
409413;Q2;2025;6851326.8
314251;Q2;2025;36049672.38
326500;Q2;2025;188905557.01
415014;Q3;2025;60708665.49
424188;Q2;2025;1197155075.33
325031;Q2;2025;40813292.95
323080;Q3;2025;3642687401.92
353698;Q1;2025;3911941.16
413330;Q2;2025;18881426.49
303178;Q2;2025;33736120.5
421561;Q3;2025;611619.34
387185;Q2;2025;14269458.03
421928;Q3;2025;350509294.33
341819;Q1;2025;77318.87
422053;Q3;2025;0.17
361615;Q2;2025;54001169.81
386596;Q1;2025;30440159.68
345776;Q3;2025;42009205.62
321958;Q1;2025;73818216.45
414310;Q1;2025;27174540.52
418226;Q2;2025;5432162.78
365238;Q1;2025;17636719.4
350648;Q2;2025;16736802.08
412635;Q1;2025;5901435.79
421642;Q1;2025;225.39
417505;Q2;2025;289240007.85
318388;Q3;2025;86564584.43
422355;Q2;2025;1563711.3
418218;Q3;2025;3661818.59
415626;Q1;2025;5852962.1
317896;Q2;2025;17663384.22
329355;Q2;2025;24071189.44
354511;Q3;2025;117645144.65
368253;Q1;2025;2237412102.98
320862;Q1;2025;23954745.69
330264;Q3;2025;90221474.88
421189;Q2;2025;1922492.24
326305;Q1;2025;5320013593.04
304395;Q1;2025;27739091.64
324345;Q1;2025;32602982.87
348082;Q1;2025;67637898.84
384704;Q2;2025;13330213.24
358754;Q1;2025;15150464.97
421421;Q1;2025;61558843.68
313084;Q2;2025;23249455.32
335215;Q2;2025;67688771.51
316881;Q2;2025;69770489.64
364860;Q2;2025;82650848.94
311715;Q1;2025;33784242.51
343331;Q3;2025;61248746.56
412058;Q1;2025;8042144.72
319422;Q1;2025;19734307.55
344362;Q2;2025;97444857.47
302627;Q3;2025;32103820.24
006246;Q2;2025;12991834225.43
303739;Q1;2025;49698090.18
305626;Q1;2025;6372970.05
315265;Q2;2025;36081383.6
422371;Q1;2025;7059441.54
321273;Q3;2025;448106711.89
317144;Q3;2025;1994659926.54
304468;Q1;2025;29450789.28
321044;Q3;2025;775645700.49
413283;Q3;2025;3720789.1
367087;Q1;2025;70120455.42
322831;Q3;2025;73450883.32
329886;Q1;2025;23629570.34
312363;Q2;2025;2395955826.02
381144;Q1;2025;1262773.79
335657;Q2;2025;14193274.38
411256;Q1;2025;117779074.5
323993;Q1;2025;43696113.83
386901;Q1;2025;6608296.55
343404;Q3;2025;1459835.2
364312;Q2;2025;169798622.11
365785;Q1;2025;1086154.28
312592;Q1;2025;25704190.69
415901;Q3;2025;1003844.53
315478;Q3;2025;1205277865.35
374440;Q1;2025;8554336.25
408522;Q1;2025;343968.47
309907;Q2;2025;67663031.69
344729;Q2;2025;71765195.48
316873;Q2;2025;66801643.63
417599;Q1;2025;23245064.99
416568;Q2;2025;77840876.32
414905;Q1;2025;3930553.55
415774;Q1;2025;39409187.52
360244;Q2;2025;140666778.13
355097;Q2;2025;447034164.11
414662;Q3;2025;10842645
324477;Q3;2025;229483733.91
366064;Q1;2025;15822774.97
311847;Q3;2025;265639407.1
416568;Q1;2025;39208907.06
408093;Q1;2025;902576.17
422584;Q1;2025;4724455.75
317012;Q1;2025;14434089.38
421634;Q1;2025;1120459.57
336017;Q1;2025;1646750.07
371564;Q2;2025;17237308.77
351270;Q3;2025;27363816.27
319708;Q1;2025;63831016.35
310239;Q2;2025;11611087.22
347795;Q2;2025;2929651.58
304441;Q3;2025;12213076.08
419699;Q2;2025;20909502.19
421928;Q1;2025;91207494.34
339954;Q2;2025;328527767.11
000582;Q2;2025;2885892838.06
314315;Q2;2025;6510668.7
420816;Q3;2025;2099745.5
414930;Q1;2025;23781357.41
409243;Q1;2025;43198704.21
348180;Q2;2025;194996159.54
414387;Q1;2025;1396303.55
312363;Q1;2025;1185440919.63
331872;Q3;2025;493505594.06
345318;Q1;2025;4458242.11
336831;Q1;2025;30826123.79
357715;Q2;2025;19859327.66
356123;Q2;2025;74675062.89
382655;Q3;2025;5105725.11
381144;Q2;2025;2618186.23
422771;Q1;2025;13980899.16
417211;Q2;2025;34430645.96
422151;Q3;2025;14541059.27
312126;Q3;2025;1695873845.46
320838;Q2;2025;482526.64
314099;Q3;2025;163903679.15
346951;Q2;2025;32761897.47
350141;Q3;2025;1069577610.78
343056;Q1;2025;1014204.06
356581;Q1;2025;14803024.07
417955;Q1;2025;14884275.22
418749;Q2;2025;3225241.59
315567;Q2;2025;92627693.39
423815;Q2;2025;42489.27
320510;Q2;2025;15034284.94
409243;Q2;2025;87489264.33
330566;Q3;2025;88769778.33
355721;Q1;2025;203235488.18
360449;Q2;2025;593578726.41
335754;Q1;2025;26705614.17
330116;Q2;2025;22438406.43
420051;Q2;2025;250403.13
363391;Q1;2025;1719222.12
422380;Q2;2025;4309234.67
362140;Q3;2025;68025380.83
315796;Q1;2025;106013723.71
365777;Q2;2025;34503574.49
412252;Q3;2025;20458473.34
318035;Q1;2025;13766861.42
421197;Q2;2025;49023885.34
327689;Q1;2025;252571793.11
421944;Q1;2025;13447817.12
335215;Q3;2025;106282788.27
360244;Q1;2025;69895466.5
371106;Q3;2025;162989562.81
382281;Q1;2025;788933.35
407569;Q1;2025;1699489.76
419028;Q1;2025;662811.41
416495;Q1;2025;17911315.86
345741;Q2;2025;1788598.6
315478;Q2;2025;784078399.3
322831;Q2;2025;45949032.26
347108;Q2;2025;25411657.05
408794;Q3;2025;23556806.29
000701;Q3;2025;3977157127.83
340952;Q1;2025;104047887.9
423203;Q3;2025;2751278.58
309028;Q3;2025;9656015.65
361569;Q1;2025;4060608.92
415243;Q2;2025;2187146.26
344362;Q3;2025;146384165.34
414654;Q3;2025;4822198.62
421618;Q2;2025;2793703.73
422053;Q2;2025;0.17
420093;Q2;2025;2027600.96
323993;Q2;2025;87455525.2
341941;Q1;2025;4217950.77
311961;Q1;2025;32952688.4
358436;Q2;2025;9089338.97
386596;Q2;2025;54324591.2
309028;Q1;2025;3091834.96
313971;Q3;2025;36918032.69
380661;Q3;2025;241725766.71
314315;Q3;2025;10293846.15
329339;Q2;2025;152730545.52
423815;Q1;2025;5582.14
409791;Q1;2025;1499217.31
350648;Q3;2025;26327135.45
315796;Q2;2025;225075974.23
319872;Q2;2025;2179878.38
417220;Q3;2025;1990219.6
407569;Q3;2025;5078171.33
419028;Q3;2025;2384196.45
327468;Q1;2025;6258289.07
394734;Q2;2025;37501515.75
389358;Q3;2025;15283596.29
406481;Q3;2025;66926139.62
415014;Q2;2025;44827462.65
413429;Q1;2025;4861957.51
410292;Q3;2025;56864346.84
348261;Q1;2025;11090679.98
422339;Q2;2025;183961958.04
348830;Q3;2025;168066113.01
353876;Q3;2025;29040868.69
312126;Q2;2025;1094488681.21
351407;Q1;2025;31111696.36
321125;Q3;2025;15212795.95
312282;Q2;2025;20166934.09
367095;Q1;2025;90890953.58
359017;Q3;2025;7761739658.56
338648;Q2;2025;85910621.07
313149;Q3;2025;5475729.97
418994;Q1;2025;152781.96
343731;Q2;2025;447561043.68
371629;Q3;2025;144449482.02
341819;Q2;2025;67110.06
348180;Q1;2025;99279266.97
416401;Q2;2025;102657208.46
306126;Q2;2025;91761009
420166;Q2;2025;89747662.43
344451;Q2;2025;10112122.83
417815;Q1;2025;16229856.62
312851;Q3;2025;645709368.46
344885;Q2;2025;705936059.72
319708;Q3;2025;203162269.55
344729;Q3;2025;107840044.25
422321;Q2;2025;30139136.91
420930;Q3;2025;694498.78
420085;Q2;2025;9140133.42
409791;Q3;2025;4288318.27
412295;Q1;2025;19594663.92
306045;Q2;2025;4274426.66
351776;Q2;2025;14807695.92
346276;Q1;2025;69841949.11
357138;Q3;2025;116433037.04
335690;Q1;2025;733967058.55
415774;Q3;2025;122058146.56
333867;Q1;2025;3526107.01
369411;Q1;2025;39431119.43
350770;Q2;2025;2332716.4
359777;Q2;2025;121044689.68
418226;Q3;2025;9020463.39
311961;Q3;2025;128632697.22
333051;Q2;2025;122189741.77
384577;Q1;2025;178455739.89
413330;Q1;2025;9680561.76
316148;Q1;2025;23947657.09
414689;Q1;2025;181850.51
415693;Q3;2025;121197697.22
330108;Q2;2025;56039804.92
314242;Q2;2025;21484933.66
305928;Q1;2025;1621567.86
418170;Q3;2025;268808689.39
323268;Q1;2025;92513562.33
365785;Q2;2025;2288773.59
368920;Q3;2025;69458429.67
351270;Q1;2025;8079987.98
310247;Q2;2025;133457427.11
343129;Q1;2025;6805431.69
413372;Q1;2025;4767060.24
421707;Q1;2025;4246798.36
384704;Q1;2025;6286312.01
354678;Q1;2025;3975337.69
359017;Q1;2025;2324392955.22
304484;Q1;2025;14295423.68
411752;Q2;2025;105248769.17
342084;Q3;2025;995100758.85
304883;Q3;2025;180572744.36
316881;Q1;2025;34219703.8
337871;Q2;2025;97869421.37
311294;Q1;2025;40847753.3
340952;Q3;2025;331413023.93
345598;Q3;2025;175420552.71
315265;Q3;2025;56539542.06
343056;Q3;2025;3342922.31
418650;Q2;2025;74095959.55
302953;Q2;2025;214844524.81
418021;Q3;2025;237115667.66
413283;Q1;2025;1044671.99
353698;Q3;2025;14714439.92
423718;Q2;2025;9528289.08
370711;Q2;2025;2705088.01
342343;Q2;2025;22301747.8
414026;Q2;2025;3480514.33
337498;Q2;2025;33431300.64
315583;Q2;2025;10342613.54
352501;Q1;2025;851988499.85
409634;Q1;2025;1980316.14
321958;Q2;2025;157820764.29
327638;Q1;2025;4517679.06
414930;Q3;2025;76881173.15
413534;Q1;2025;223013526.13
354511;Q1;2025;37821427.92
361615;Q1;2025;26041769.71
357511;Q2;2025;499674603.46
419851;Q2;2025;5557124.74
359033;Q3;2025;30727904.74
417106;Q3;2025;1845486.19
423173;Q2;2025;121182324.68
324213;Q1;2025;703688.09
416738;Q1;2025;18167399.28
420701;Q1;2025;7271916.03
409413;Q1;2025;3149957.78
320820;Q2;2025;24357879.69
314251;Q3;2025;55126013.03
418129;Q3;2025;6008312.62
419524;Q2;2025;575542.67
419010;Q1;2025;97151125.76
350249;Q1;2025;75318212.19
303356;Q1;2025;120297038.66
337561;Q2;2025;8262596.31
318477;Q3;2025;69569180.54
402001;Q3;2025;7951592.6
420981;Q3;2025;5387168.17
387185;Q3;2025;20009984.42
418587;Q2;2025;32541248.16
319180;Q1;2025;13005088.27
313211;Q2;2025;66801433.15
323080;Q1;2025;1224189803.85
347825;Q3;2025;8036653.96
358088;Q3;2025;178139515.22
325236;Q1;2025;21381591.99
354295;Q1;2025;53079685.47
366064;Q3;2025;54061586.04
418617;Q2;2025;20791404.01
305227;Q2;2025;46797483.79
326500;Q1;2025;95209247.46
422029;Q3;2025;217269796.46
370070;Q3;2025;386181669.87
417831;Q1;2025;811598.87
365645;Q2;2025;3344445.7
344788;Q2;2025;6746839.32
421731;Q1;2025;10046468.75
348244;Q1;2025;21599507.87
357260;Q2;2025;99267795.01
420077;Q2;2025;145464612.84
342386;Q2;2025;18238358.18
311057;Q2;2025;168782.68
422479;Q2;2025;58020.64
303623;Q3;2025;609816851.75
382540;Q1;2025;23027132.97
350371;Q3;2025;182974550.94
309524;Q2;2025;15217434.4
337188;Q3;2025;223963804.52
424170;Q3;2025;1770977.42
421766;Q1;2025;13248066.98
422746;Q1;2025;506659.62
327352;Q1;2025;7087338.17
414581;Q3;2025;146566920.35
420816;Q1;2025;713631.78
403962;Q1;2025;14399328.71
316849;Q2;2025;3525658.57
419281;Q2;2025;895985.6
317233;Q3;2025;260590626.51
354066;Q2;2025;187842398.08
351202;Q1;2025;191025952
392804;Q2;2025;205387976.53
303844;Q3;2025;34922295.76
327328;Q2;2025;570319.42
309087;Q3;2025;61399065.14
330892;Q2;2025;10680523.01
370568;Q2;2025;3788167.37
311847;Q1;2025;84920061.47
311359;Q2;2025;43936810.86
421359;Q2;2025;7220908.63
363286;Q2;2025;23321428.86
423432;Q2;2025;1758742.07
336017;Q3;2025;3263301
302147;Q1;2025;1414729129.27
323004;Q1;2025;3772775
324523;Q3;2025;4515.65
308811;Q1;2025;8909998.65
345458;Q3;2025;51636180.86
315648;Q2;2025;20769407.11
322571;Q2;2025;58070356.2
362573;Q1;2025;8965161.25
319996;Q2;2025;611684334.95
423661;Q1;2025;22232223.09
305472;Q1;2025;23403090.78
330264;Q1;2025;26849551.19
422681;Q1;2025;23867702.76
361593;Q1;2025;2740739.84
350346;Q3;2025;15998625.69
343765;Q2;2025;14502441.47
324493;Q3;2025;155226358.56
352179;Q1;2025;20022424.05
361011;Q2;2025;276077474.46
423351;Q2;2025;10500838.28
419079;Q3;2025;33781.05
422762;Q1;2025;4203471.04
301728;Q3;2025;45069910.94
305421;Q1;2025;834787.73
326755;Q3;2025;157202442.02
349682;Q3;2025;258649691.57
342131;Q3;2025;33271766.77
422304;Q2;2025;3083429.75
328308;Q2;2025;21577507.37
354619;Q1;2025;7882867.65
324175;Q1;2025;5754603.6
370975;Q1;2025;13397734.89
407224;Q1;2025;1140791.14
406805;Q3;2025;17847734.37
353353;Q1;2025;134337180.41
412996;Q2;2025;4364149.36
314668;Q2;2025;98125264.16
397245;Q1;2025;251416.72
366439;Q3;2025;16242543.19
339458;Q3;2025;3447719.47
417661;Q1;2025;14500394.46
420123;Q2;2025;4099306.24
410110;Q1;2025;6629510.58
320251;Q3;2025;165002304.33
344141;Q3;2025;3060663.52
379956;Q1;2025;532364331.52
327557;Q1;2025;25883369.57
421561;Q1;2025;228946.14
411248;Q1;2025;1301686.1
415111;Q2;2025;127412449.35
320706;Q2;2025;203546135.98
342157;Q3;2025;10444381.76
416690;Q1;2025;18237936.28
356417;Q2;2025;208412623.73
370088;Q3;2025;47084385.93
312347;Q2;2025;71925901.31
421723;Q1;2025;490266.37
326861;Q3;2025;217105089.65
418374;Q2;2025;42927394.24
315044;Q3;2025;175221159.48
345091;Q3;2025;50316354.72
401480;Q2;2025;11300783.49
365238;Q3;2025;53197957.77
415987;Q3;2025;3987980.35
371254;Q3;2025;603653817.53
419486;Q2;2025;27258850.07
304051;Q2;2025;59146901.36
347655;Q3;2025;91689334.22
418137;Q3;2025;19386751.3
412635;Q3;2025;12879584.55
338346;Q3;2025;57226041.34
348295;Q1;2025;262978468.78
334154;Q2;2025;40892509.19
304344;Q1;2025;21327551.93
371777;Q2;2025;62645540.15
368555;Q3;2025;21447924.52
418731;Q2;2025;37137007.88
311146;Q2;2025;31679139.96
419052;Q3;2025;44395876.9
364070;Q3;2025;21611615.58
322890;Q2;2025;2540129.27
419974;Q1;2025;2536993.71
422835;Q1;2025;2922346.6
000884;Q2;2025;166154854.4
388092;Q3;2025;9574322.28
347507;Q1;2025;48951221.72
301124;Q1;2025;8674214.82
336106;Q3;2025;265500541.94
355577;Q1;2025;16955857.7
352314;Q1;2025;20291586.39
335592;Q1;2025;274672266.16
301060;Q1;2025;14557179.87
342556;Q2;2025;117755338.54
352331;Q1;2025;269066965.79
419150;Q3;2025;49659146.2
408026;Q2;2025;2616248.02
421871;Q3;2025;7817305.87
410888;Q2;2025;14772718.42
417530;Q2;2025;165665956.1
420158;Q2;2025;51967218.29
321320;Q3;2025;22893415.38
366340;Q3;2025;37667682.48
416584;Q1;2025;10961284.36
343722;Q2;2025;7304836.12
385620;Q2;2025;22555053.29
386588;Q2;2025;148862928.44
413518;Q1;2025;4641466.84
336467;Q2;2025;7594121.52
382876;Q3;2025;1875431459.94
335100;Q3;2025;979689796.82
333239;Q2;2025;628262.89
352543;Q3;2025;138144254.16
361941;Q3;2025;68297194.78
379280;Q2;2025;105441118.31
423700;Q2;2025;4188.95
408263;Q1;2025;2268864.04
348520;Q1;2025;218357384.43
414701;Q1;2025;2048703.73
310522;Q1;2025;47082680.13
323055;Q1;2025;15657912.34
342807;Q2;2025;82417843.63
404241;Q3;2025;11900423.79
354783;Q3;2025;266175357.23
310981;Q3;2025;10135635.36
344915;Q2;2025;1906361.44
345709;Q3;2025;97278926.36
421341;Q2;2025;46276691.87
361461;Q1;2025;19432786.35
423912;Q1;2025;125920.19
406635;Q3;2025;6186434.73
423181;Q2;2025;193847.65
344184;Q3;2025;3279364.79
372609;Q3;2025;177981572.23
346659;Q3;2025;5933317383.63
314706;Q2;2025;5813577.71
343064;Q3;2025;66102333.91
412759;Q3;2025;25519374.15
406554;Q3;2025;107815721.09
417947;Q1;2025;33227214.11
416428;Q2;2025;23661173.02
314218;Q3;2025;516405096.06
342033;Q3;2025;583437192.72
330281;Q1;2025;11543820.44
337668;Q2;2025;272628853.68
314781;Q1;2025;7763656.15
389854;Q2;2025;6396328.07
423262;Q2;2025;184443.88
360783;Q3;2025;10091479.91
418501;Q2;2025;5963051.24
411809;Q3;2025;8508029.61
358282;Q2;2025;17667871.55
354627;Q1;2025;11539294.63
423629;Q2;2025;7830911.28
410128;Q1;2025;9757129.18
315494;Q2;2025;17181089.75
414352;Q1;2025;31677645.55
340162;Q2;2025;2684814.87
415065;Q2;2025;24810142.57
334561;Q1;2025;165952615.89
402206;Q3;2025;17120162.81
324566;Q3;2025;59453777.08
422959;Q1;2025;1333585.26
351792;Q2;2025;135421.33
335517;Q2;2025;39646106.14
410608;Q3;2025;11350210.14
331651;Q3;2025;61566261.06
395480;Q3;2025;55371055.85
417297;Q2;2025;47886756.99
352586;Q3;2025;49722979.2
349534;Q1;2025;27033523.41
334847;Q1;2025;3918374.24
325082;Q1;2025;3188270.48
304701;Q1;2025;748372943.59
423548;Q2;2025;8827553.17
419249;Q3;2025;373122903.03
321338;Q3;2025;711454.41
005711;Q1;2025;7457669173.86
353663;Q3;2025;318588778.77
343269;Q3;2025;773795295.8
353264;Q1;2025;5754950.58
